Time,Solar Power (MWh)
1:00,0.0
2:00,0.0
3:00,0.0
4:00,0.0
5:00,0.0
6:00,3.3799304962158203
7:00,0.0
8:00,5.71951150894165
9:00,17.91242027282715
10:00,28.961965560913086
11:00,47.4439697265625
12:00,42.67646026611328
13:00,38.30533981323242
14:00,38.667449951171875
15:00,40.57691955566406
16:00,20.957277297973633
17:00,8.582808494567871
18:00,5.984443187713623
19:00,5.3298726081848145
20:00,3.6816225051879883
21:00,6.443760871887207
22:00,3.0187928676605225
23:00,4.0033345222473145
24:00,0.0
